-- MySQL dump 10.16  Distrib 10.1.36-MariaDB, for Win32 (AMD64)
--
-- Host: 127.0.0.1    Database: phpmoney
-- ------------------------------------------------------
-- Server version	10.1.36-MariaDB

/*!40101 SET @OLD_CHARACTER_SET_CLIENT=@@CHARACTER_SET_CLIENT */;
/*!40101 SET @OLD_CHARACTER_SET_RESULTS=@@CHARACTER_SET_RESULTS */;
/*!40101 SET @OLD_COLLATION_CONNECTION=@@COLLATION_CONNECTION */;
/*!40101 SET NAMES utf8 */;
/*!40103 SET @OLD_TIME_ZONE=@@TIME_ZONE */;
/*!40103 SET TIME_ZONE='+00:00' */;
/*!40014 SET @OLD_UNIQUE_CHECKS=@@UNIQUE_CHECKS, UNIQUE_CHECKS=0 */;
/*!40014 SET @OLD_FOREIGN_KEY_CHECKS=@@FOREIGN_KEY_CHECKS, FOREIGN_KEY_CHECKS=0 */;
/*!40101 SET @OLD_SQL_MODE=@@SQL_MODE, SQL_MODE='NO_AUTO_VALUE_ON_ZERO' */;
/*!40111 SET @OLD_SQL_NOTES=@@SQL_NOTES, SQL_NOTES=0 */;

--
-- Table structure for table `account`
--

DROP TABLE IF EXISTS `account`;
/*!40101 SET @saved_cs_client     = @@character_set_client */;
/*!40101 SET character_set_client = utf8 */;
CREATE TABLE `account` (
  `account_ID` int(11) NOT NULL AUTO_INCREMENT,
  `person_ID` varchar(45) DEFAULT NULL,
  `moneyAmount` decimal(10,2) DEFAULT NULL,
  `currency` varchar(45) DEFAULT NULL,
  `accountNumber` int(11) DEFAULT NULL,
  PRIMARY KEY (`account_ID`)
) ENGINE=InnoDB AUTO_INCREMENT=11 DEFAULT CHARSET=latin1;
/*!40101 SET character_set_client = @saved_cs_client */;

--
-- Dumping data for table `account`
--

LOCK TABLES `account` WRITE;
/*!40000 ALTER TABLE `account` DISABLE KEYS */;
INSERT INTO `account` VALUES (1,'1',829722.40,'SEK',31309),(2,'2',199865.68,'SEK',41823),(3,'3',10012.82,'USD',71182),(4,'4',1000.00,'USD',62232),(5,'5',1586.16,'EUR',98944),(6,'6',13333.00,'EUR',15582),(7,'7',3039.80,'EUR',43555),(8,'8',555512.00,'SEK',29291),(9,'9',13492.32,'SEK',38772),(10,'10',968877.34,'USD',18983);
/*!40000 ALTER TABLE `account` ENABLE KEYS */;
UNLOCK TABLES;

--
-- Table structure for table `person`
--

DROP TABLE IF EXISTS `person`;
/*!40101 SET @saved_cs_client     = @@character_set_client */;
/*!40101 SET character_set_client = utf8 */;
CREATE TABLE `person` (
  `person_ID` int(11) NOT NULL AUTO_INCREMENT,
  `personName` varchar(45) DEFAULT NULL,
  `accountNumber` int(11) DEFAULT NULL,
  PRIMARY KEY (`person_ID`)
) ENGINE=InnoDB AUTO_INCREMENT=11 DEFAULT CHARSET=latin1;
/*!40101 SET character_set_client = @saved_cs_client */;

--
-- Dumping data for table `person`
--

LOCK TABLES `person` WRITE;
/*!40000 ALTER TABLE `person` DISABLE KEYS */;
INSERT INTO `person` VALUES (1,'Jonas',31309),(2,'Kalle',41823),(3,'Alex',71182),(4,'Rickard',62232),(5,'TheJön',98944),(6,'Devil',15582),(7,'Micke',43555),(8,'Welp',29291),(9,'PresidentPelle',38772),(10,'Julia',18983);
/*!40000 ALTER TABLE `person` ENABLE KEYS */;
UNLOCK TABLES;

--
-- Table structure for table `transactions`
--

DROP TABLE IF EXISTS `transactions`;
/*!40101 SET @saved_cs_client     = @@character_set_client */;
/*!40101 SET character_set_client = utf8 */;
CREATE TABLE `transactions` (
  `transaction_ID` int(11) NOT NULL AUTO_INCREMENT,
  `fromPerson` varchar(45) NOT NULL,
  `moneyAmount` decimal(10,2) NOT NULL,
  `timeStamp` datetime NOT NULL DEFAULT CURRENT_TIMESTAMP,
  `toPerson` varchar(45) NOT NULL,
  `paymentMethod` varchar(45) DEFAULT NULL,
  PRIMARY KEY (`transaction_ID`)
) ENGINE=InnoDB AUTO_INCREMENT=686 DEFAULT CHARSET=latin1;
/*!40101 SET character_set_client = @saved_cs_client */;

--
-- Dumping data for table `transactions`
--

LOCK TABLES `transactions` WRITE;
/*!40000 ALTER TABLE `transactions` DISABLE KEYS */;
INSERT INTO `transactions` VALUES (1,'31309',100.00,'2020-02-02 15:36:23','41823','0'),(2,'31309',10.00,'2020-02-02 16:05:49','41823','0'),(3,'31309',1.00,'2020-02-02 16:12:41','41823','0'),(4,'31309',299.00,'2020-02-02 16:13:53','41823','0'),(5,'31309',1.00,'2020-02-02 16:14:36','41823','0'),(6,'31309',1.00,'2020-02-02 16:14:42','71182','0'),(7,'71182',1.00,'2020-02-02 16:21:13','62232','0'),(8,'71182',1.00,'2020-02-02 16:21:17','62232','0'),(9,'71182',22.00,'2020-02-02 16:21:40','62232','0'),(10,'71182',1.00,'2020-02-02 16:24:07','62232','0'),(11,'0',222.00,'2020-02-02 16:26:15','0','0'),(12,'0',100.00,'2020-02-02 16:27:50','0','0'),(13,'0',100.00,'2020-02-02 16:27:51','0','0'),(14,'0',100.00,'2020-02-02 16:27:54','0','0'),(15,'0',100.00,'2020-02-02 16:27:54','0','0'),(16,'0',22.00,'2020-02-02 16:27:58','0','0'),(17,'0',200.00,'2020-02-02 16:42:00','0','0'),(18,'0',200.00,'2020-02-02 16:42:11','0','0'),(19,'0',200.00,'2020-02-02 16:42:14','0','0'),(20,'0',200.00,'2020-02-02 16:45:30','0','0'),(21,'0',3000.00,'2020-02-02 17:02:56','0','0'),(22,'0',3000.00,'2020-02-02 17:02:58','0','0'),(23,'0',100000.00,'2020-02-02 17:09:00','0','0'),(24,'0',100000.00,'2020-02-02 17:09:14','0','0'),(25,'0',100000.00,'2020-02-02 17:09:18','0','0'),(26,'0',100.00,'2020-02-02 17:13:05','0','0'),(40,'0',200.00,'2020-02-02 19:23:56','0','0'),(41,'0',200.00,'2020-02-02 19:23:56','0','0'),(42,'0',200.00,'2020-02-02 19:23:57','0','0'),(43,'0',399.00,'2020-02-02 19:26:21','0','0'),(44,'0',700.00,'2020-02-02 19:28:34','0','0'),(45,'0',700.00,'2020-02-02 19:28:35','0','0'),(46,'0',800.00,'2020-02-02 19:29:16','0','0'),(47,'0',400.00,'2020-02-02 19:29:27','0','0'),(48,'0',400.00,'2020-02-02 19:29:28','0','0'),(49,'0',400.00,'2020-02-02 19:29:28','0','0'),(50,'0',199.00,'2020-02-02 20:24:07','0','0'),(51,'0',20000.00,'2020-02-02 20:24:25','0','0'),(52,'0',33.00,'2020-02-02 20:48:55','0','0'),(53,'0',33.00,'2020-02-02 20:48:56','0','0'),(54,'0',33.00,'2020-02-02 20:48:57','0','0'),(55,'0',33.00,'2020-02-02 20:48:57','0','0'),(56,'0',100.00,'2020-02-02 21:42:27','0','0'),(57,'0',100.00,'2020-02-02 21:42:29','0','0'),(58,'0',100.00,'2020-02-02 21:42:29','0','0'),(59,'0',100.00,'2020-02-02 21:42:29','0','0'),(60,'0',100.00,'2020-02-02 21:42:30','0','0'),(61,'0',100.00,'2020-02-02 21:42:30','0','0'),(62,'0',10022.00,'2020-02-02 21:42:36','0','0'),(63,'0',10022.00,'2020-02-02 21:42:37','0','0'),(64,'0',10022.00,'2020-02-02 21:42:37','0','0'),(65,'0',10022.00,'2020-02-02 21:42:38','0','0'),(66,'0',10022.00,'2020-02-02 21:42:38','0','0'),(67,'0',199.00,'2020-02-02 21:56:45','0','0'),(68,'0',10.00,'2020-02-02 21:58:52','0','0'),(69,'0',10.00,'2020-02-02 21:58:58','0','0'),(70,'0',10.00,'2020-02-02 21:58:59','0','0'),(71,'0',10.00,'2020-02-02 21:59:00','0','0'),(72,'0',10.00,'2020-02-02 21:59:01','0','0'),(73,'0',1.00,'2020-02-02 22:11:26','0','0'),(74,'0',1.00,'2020-02-02 22:11:43','0','0'),(75,'0',1.00,'2020-02-02 22:11:44','0','0'),(76,'0',1.00,'2020-02-02 22:11:45','0','0'),(77,'0',1.00,'2020-02-02 22:11:46','0','0'),(78,'0',1.00,'2020-02-02 22:11:46','0','0'),(79,'0',1.00,'2020-02-02 22:11:46','0','0'),(80,'0',1.00,'2020-02-02 22:11:46','0','0'),(81,'0',1.00,'2020-02-02 22:11:46','0','0'),(82,'0',1.00,'2020-02-02 22:11:46','0','0'),(83,'0',1.00,'2020-02-02 22:11:47','0','0'),(84,'0',1.00,'2020-02-02 22:11:47','0','0'),(85,'0',1.00,'2020-02-02 22:11:47','0','0'),(86,'0',1.00,'2020-02-02 22:11:47','0','0'),(87,'0',1.00,'2020-02-02 22:11:47','0','0'),(88,'0',1.00,'2020-02-02 22:11:48','0','0'),(89,'0',1.00,'2020-02-02 22:11:48','0','0'),(90,'0',1.00,'2020-02-02 22:11:48','0','0'),(91,'0',1.00,'2020-02-02 22:11:48','0','0'),(92,'0',1.00,'2020-02-02 22:11:48','0','0'),(93,'0',100.00,'2020-02-03 18:26:54','0','0'),(94,'0',100.00,'2020-02-03 18:26:57','0','0'),(95,'0',100.00,'2020-02-03 18:26:57','0','0'),(96,'0',100.00,'2020-02-03 18:26:58','0','0'),(97,'0',100.00,'2020-02-03 18:27:48','0','0'),(98,'0',0.00,'2020-02-03 18:33:28','0','0'),(99,'0',1.00,'2020-02-03 18:56:48','0','0'),(100,'0',1.00,'2020-02-03 18:56:50','0','0'),(101,'0',1.00,'2020-02-03 18:56:53','0','0'),(102,'0',1.00,'2020-02-03 18:56:56','0','0'),(103,'0',1.00,'2020-02-03 18:56:59','0','0'),(104,'0',1.00,'2020-02-03 18:57:38','0','0'),(105,'0',1.00,'2020-02-03 18:57:45','0','0'),(106,'0',1.00,'2020-02-03 18:58:45','0','0'),(107,'0',1.00,'2020-02-03 18:59:30','0','0'),(108,'0',2.00,'2020-02-03 18:59:59','0','0'),(109,'0',2.00,'2020-02-03 19:00:01','0','0'),(110,'0',1.00,'2020-02-03 19:02:33','0','0'),(111,'0',1.00,'2020-02-03 19:03:48','0','0'),(112,'0',1.00,'2020-02-03 19:04:14','0','0'),(113,'0',1.00,'2020-02-03 19:04:27','0','0'),(114,'0',1.00,'2020-02-03 19:06:08','0','0'),(115,'0',1.00,'2020-02-03 19:08:28','0','0'),(116,'0',1.00,'2020-02-03 19:21:33','0','0'),(117,'0',1.00,'2020-02-03 19:25:14','0','0'),(118,'0',1.00,'2020-02-03 19:26:58','0','0'),(119,'0',1.00,'2020-02-03 19:27:48','0','0'),(120,'0',1.00,'2020-02-03 19:29:32','0','0'),(121,'0',1.00,'2020-02-03 19:29:50','0','0'),(122,'0',1.00,'2020-02-03 19:30:16','0','0'),(123,'0',1.00,'2020-02-03 19:31:23','0','0'),(124,'0',1.00,'2020-02-03 19:31:37','0','0'),(125,'0',1.00,'2020-02-03 19:32:49','0','0'),(126,'0',600.00,'2020-02-03 19:32:57','0','0'),(127,'0',1.00,'2020-02-03 19:43:10','0','0'),(128,'0',100.00,'2020-02-03 19:43:32','0','0'),(129,'0',100.00,'2020-02-03 19:43:33','0','0'),(130,'0',100.00,'2020-02-03 19:43:37','0','0'),(131,'0',100.00,'2020-02-03 19:43:38','0','0'),(132,'0',100.00,'2020-02-03 19:43:40','0','0'),(133,'0',100.00,'2020-02-03 19:43:42','0','0'),(134,'0',100.00,'2020-02-03 19:43:44','0','0'),(135,'0',1.00,'2020-02-03 19:45:01','0','0'),(136,'0',1.00,'2020-02-03 19:45:01','0','0'),(137,'0',1.00,'2020-02-03 19:45:02','0','0'),(138,'0',1.00,'2020-02-03 19:45:02','0','0'),(139,'0',1.00,'2020-02-03 19:45:03','0','0'),(140,'0',1.00,'2020-02-03 19:46:14','0','0'),(141,'0',1.00,'2020-02-03 19:46:15','0','0'),(142,'0',100.00,'2020-02-03 19:47:17','0','0'),(143,'0',10000.00,'2020-02-03 19:47:39','0','0'),(144,'0',10000.00,'2020-02-03 19:47:43','0','0'),(145,'0',10000.00,'2020-02-03 19:47:55','0','0'),(146,'0',10000.00,'2020-02-03 19:47:58','0','0'),(147,'0',10000.00,'2020-02-03 19:48:09','0','0'),(148,'0',10000.00,'2020-02-03 19:48:12','0','0'),(149,'0',1.00,'2020-02-03 19:49:10','0','0'),(150,'0',1.00,'2020-02-03 19:49:14','0','0'),(151,'0',1.00,'2020-02-03 19:49:15','0','0'),(152,'0',11000.00,'2020-02-03 19:52:50','0','0'),(153,'0',20000.00,'2020-02-03 19:53:45','0','0'),(154,'0',20000.00,'2020-02-03 19:53:47','0','0'),(155,'0',658.00,'2020-02-03 19:54:16','0','0'),(156,'0',658.00,'2020-02-03 19:55:00','0','0'),(157,'0',658.00,'2020-02-03 19:55:17','0','0'),(158,'0',658.00,'2020-02-03 19:55:18','0','0'),(159,'0',658.00,'2020-02-03 19:55:19','0','0'),(160,'0',10.00,'2020-02-03 19:56:39','0','0'),(161,'0',10.00,'2020-02-03 19:56:41','0','0'),(162,'0',10.00,'2020-02-03 19:56:41','0','0'),(163,'0',10.00,'2020-02-03 19:56:42','0','0'),(164,'0',10.00,'2020-02-03 19:56:42','0','0'),(165,'0',10.00,'2020-02-03 19:56:42','0','0'),(166,'0',10.00,'2020-02-03 19:56:42','0','0'),(167,'0',10.00,'2020-02-03 19:56:42','0','0'),(168,'0',10.00,'2020-02-03 19:56:43','0','0'),(169,'0',10.00,'2020-02-03 19:56:43','0','0'),(170,'0',10.00,'2020-02-03 19:56:43','0','0'),(171,'0',10.00,'2020-02-03 19:56:43','0','0'),(172,'0',20.00,'2020-02-03 20:04:48','0','0'),(173,'0',20.00,'2020-02-03 20:04:49','0','0'),(174,'0',20.00,'2020-02-03 20:04:49','0','0'),(175,'0',20.00,'2020-02-03 20:04:50','0','0'),(176,'0',20.00,'2020-02-03 20:04:50','0','0'),(177,'0',20.00,'2020-02-03 20:04:50','0','0'),(178,'0',20000.00,'2020-02-03 20:04:53','0','0'),(179,'0',20000.00,'2020-02-03 20:04:53','0','0'),(180,'0',20000.00,'2020-02-03 20:04:54','0','0'),(181,'0',20000.00,'2020-02-03 20:04:55','0','0'),(182,'0',200001.00,'2020-02-03 20:05:05','0','0'),(183,'0',10000.00,'2020-02-03 20:07:30','0','0'),(184,'0',20000.00,'2020-02-03 20:08:51','0','0'),(185,'0',20000.00,'2020-02-03 20:08:53','0','0'),(186,'0',20000.00,'2020-02-03 20:09:10','0','0'),(187,'0',20000.00,'2020-02-03 20:09:11','0','0'),(188,'0',20000.00,'2020-02-03 20:09:11','0','0'),(189,'0',20000.00,'2020-02-03 20:09:12','0','0'),(190,'0',20000.00,'2020-02-03 20:09:16','0','0'),(191,'0',20000.00,'2020-02-03 20:09:16','0','0'),(192,'0',20000.00,'2020-02-03 20:09:16','0','0'),(193,'0',20000.00,'2020-02-03 20:09:17','0','0'),(194,'0',20000.00,'2020-02-03 20:09:30','0','0'),(195,'0',1021333.00,'2020-02-03 20:09:37','0','0'),(196,'0',100.00,'2020-02-03 20:19:00','0','0'),(197,'0',100.00,'2020-02-03 20:19:14','0','0'),(198,'0',100.00,'2020-02-03 20:19:20','0','0'),(199,'0',100.00,'2020-02-03 20:19:20','0','0'),(200,'0',100.00,'2020-02-03 20:19:21','0','0'),(201,'0',90.00,'2020-02-03 20:19:28','0','0'),(202,'0',100.00,'2020-02-03 20:22:35','0','0'),(203,'0',100.00,'2020-02-03 20:23:08','0','0'),(204,'0',100.00,'2020-02-03 20:23:09','0','0'),(205,'0',100.00,'2020-02-03 20:23:10','0','0'),(206,'0',100.00,'2020-02-03 20:23:15','0','0'),(207,'0',100.00,'2020-02-03 20:23:17','0','0'),(208,'0',100.00,'2020-02-03 20:23:18','0','0'),(209,'0',100.00,'2020-02-03 20:23:18','0','0'),(210,'0',100.00,'2020-02-03 20:23:19','0','0'),(211,'0',1000.00,'2020-02-03 20:23:32','0','0'),(212,'0',1000.00,'2020-02-03 20:23:36','0','0'),(213,'0',1000.00,'2020-02-03 20:23:46','0','0'),(214,'0',1000.00,'2020-02-03 20:23:49','0','0'),(215,'0',1000.00,'2020-02-03 20:23:51','0','0'),(216,'0',1000.00,'2020-02-03 20:24:07','0','0'),(217,'0',1000.00,'2020-02-03 20:24:08','0','0'),(218,'0',1000.00,'2020-02-03 20:24:09','0','0'),(219,'0',1000.00,'2020-02-03 20:24:10','0','0'),(220,'0',1000.00,'2020-02-03 20:24:10','0','0'),(221,'0',1000.00,'2020-02-03 20:24:11','0','0'),(222,'0',1000.00,'2020-02-03 20:24:11','0','0'),(223,'0',1000.00,'2020-02-03 20:24:11','0','0'),(224,'0',1000.00,'2020-02-03 20:24:12','0','0'),(225,'0',1000.00,'2020-02-03 20:24:12','0','0'),(226,'0',1000.00,'2020-02-03 20:24:13','0','0'),(227,'0',1000.00,'2020-02-03 20:24:13','0','0'),(228,'0',1000.00,'2020-02-03 20:24:14','0','0'),(229,'0',1000.00,'2020-02-03 20:24:18','0','0'),(230,'0',1000.00,'2020-02-03 20:24:19','0','0'),(231,'0',1000.00,'2020-02-03 20:24:27','0','0'),(232,'0',1000.00,'2020-02-03 20:24:28','0','0'),(233,'0',1000.00,'2020-02-03 20:28:30','0','0'),(234,'0',1000.00,'2020-02-03 20:28:31','0','0'),(235,'0',1000.00,'2020-02-03 20:28:43','0','0'),(236,'0',1000.00,'2020-02-03 20:28:44','0','0'),(237,'0',1000.00,'2020-02-03 20:28:50','0','0'),(238,'0',1000.00,'2020-02-03 20:28:51','0','0'),(239,'0',0.00,'2020-02-03 20:29:59','0','0'),(240,'0',1.00,'2020-02-03 20:39:09','0','0'),(241,'0',1.00,'2020-02-03 20:39:16','0','0'),(242,'0',1.00,'2020-02-03 20:39:23','0','0'),(243,'0',1.00,'2020-02-03 20:41:14','0','0'),(244,'0',1.00,'2020-02-03 20:51:42','0','0'),(245,'0',1.00,'2020-02-03 20:52:14','0','0'),(246,'0',1.00,'2020-02-03 20:53:25','0','0'),(247,'0',1.00,'2020-02-03 20:53:27','0','0'),(248,'0',1.00,'2020-02-03 20:53:28','0','0'),(249,'0',1.00,'2020-02-03 20:53:29','0','0'),(250,'0',1.00,'2020-02-03 20:53:31','0','0'),(251,'0',1.00,'2020-02-03 20:53:32','0','0'),(252,'0',1.00,'2020-02-03 20:53:32','0','0'),(253,'0',1.00,'2020-02-03 20:53:33','0','0'),(254,'0',1299.00,'2020-02-03 20:53:48','0','0'),(255,'0',1299.00,'2020-02-03 20:53:50','0','0'),(256,'0',1299.00,'2020-02-03 20:53:51','0','0'),(257,'0',1.00,'2020-02-03 20:54:42','0','0'),(258,'0',1.00,'2020-02-03 20:54:43','0','0'),(259,'0',1.00,'2020-02-03 20:54:44','0','0'),(260,'0',1.00,'2020-02-03 20:54:44','0','0'),(261,'0',1.00,'2020-02-03 20:54:45','0','0'),(262,'0',1.00,'2020-02-03 20:54:59','0','0'),(263,'0',1.00,'2020-02-03 20:56:16','0','0'),(264,'0',1.00,'2020-02-03 20:57:16','0','0'),(265,'0',1.00,'2020-02-03 20:57:35','0','0'),(266,'0',1.00,'2020-02-03 20:58:40','0','0'),(267,'0',1.00,'2020-02-03 20:58:42','0','0'),(268,'0',1.00,'2020-02-03 20:58:43','0','0'),(269,'0',1.00,'2020-02-03 20:58:43','0','0'),(270,'0',1.00,'2020-02-03 20:58:44','0','0'),(271,'0',1.00,'2020-02-03 20:59:31','0','0'),(272,'0',1.00,'2020-02-03 20:59:41','0','0'),(273,'0',10.00,'2020-02-03 20:59:56','0','0'),(274,'0',1.00,'2020-02-03 21:02:13','0','0'),(275,'0',1000.00,'2020-02-03 21:07:16','0','0'),(276,'0',1000.00,'2020-02-03 21:07:25','0','0'),(277,'0',1000.00,'2020-02-03 21:10:47','0','0'),(278,'0',1.00,'2020-02-03 21:12:48','0','0'),(279,'0',1.00,'2020-02-03 21:14:20','0','0'),(280,'0',1.00,'2020-02-03 21:15:37','0','0'),(281,'0',1.00,'2020-02-03 21:16:08','0','0'),(282,'0',1.00,'2020-02-03 21:16:20','0','0'),(283,'0',1.00,'2020-02-03 21:16:53','0','0'),(284,'0',1.00,'2020-02-03 21:16:54','0','0'),(285,'0',12.00,'2020-02-03 21:16:58','0','0'),(286,'0',124.00,'2020-02-03 21:17:00','0','0'),(287,'0',1246.00,'2020-02-03 21:17:01','0','0'),(288,'0',12468.00,'2020-02-03 21:17:03','0','0'),(289,'0',2000.00,'2020-02-03 21:17:15','0','0'),(290,'0',2000.00,'2020-02-03 21:17:22','0','0'),(291,'0',1.00,'2020-02-03 21:17:54','0','0'),(292,'0',1.00,'2020-02-03 21:17:55','0','0'),(293,'0',1.00,'2020-02-03 21:17:55','0','0'),(294,'0',1.00,'2020-02-03 21:17:56','0','0'),(295,'0',1.00,'2020-02-03 21:17:58','0','0'),(296,'0',12.00,'2020-02-03 21:18:03','0','0'),(297,'0',12.00,'2020-02-03 21:18:05','0','0'),(298,'0',12.00,'2020-02-03 21:18:06','0','0'),(299,'0',12.00,'2020-02-03 21:18:07','0','0'),(300,'0',12.00,'2020-02-03 21:18:07','0','0'),(301,'0',12.00,'2020-02-03 21:18:07','0','0'),(302,'0',12.00,'2020-02-03 21:18:07','0','0'),(303,'0',12.00,'2020-02-03 21:18:07','0','0'),(304,'0',12.00,'2020-02-03 21:18:07','0','0'),(305,'0',12.00,'2020-02-03 21:18:08','0','0'),(306,'0',12.00,'2020-02-03 21:18:08','0','0'),(307,'0',12.00,'2020-02-03 21:18:08','0','0'),(308,'0',12.00,'2020-02-03 21:18:08','0','0'),(309,'0',12.00,'2020-02-03 21:18:08','0','0'),(310,'0',12.00,'2020-02-03 21:18:09','0','0'),(311,'0',1.00,'2020-02-03 21:18:58','0','0'),(312,'0',123.00,'2020-02-03 21:30:11','0','0'),(313,'0',123.00,'2020-02-03 21:30:12','0','0'),(314,'0',123.00,'2020-02-03 21:30:13','0','0'),(315,'0',123.00,'2020-02-03 21:30:13','0','0'),(316,'0',123.00,'2020-02-03 21:30:14','0','0'),(317,'0',123.00,'2020-02-03 21:30:16','0','0'),(318,'0',123.00,'2020-02-03 21:30:18','0','0'),(319,'0',123.00,'2020-02-03 21:30:20','0','0'),(320,'0',123.00,'2020-02-03 21:30:25','0','0'),(321,'0',123.00,'2020-02-03 21:30:25','0','0'),(322,'0',123.00,'2020-02-03 21:30:26','0','0'),(323,'0',123.00,'2020-02-03 21:30:26','0','0'),(324,'0',1233.00,'2020-02-03 21:30:33','0','0'),(325,'0',12333.00,'2020-02-03 21:30:34','0','0'),(326,'0',12333.00,'2020-02-03 21:30:36','0','0'),(327,'0',12333.00,'2020-02-03 21:31:19','0','0'),(328,'0',12333.00,'2020-02-03 21:31:49','0','0'),(329,'0',12333.00,'2020-02-03 21:31:55','0','0'),(330,'0',123.00,'2020-02-03 21:38:15','0','0'),(331,'0',123.00,'2020-02-03 21:38:17','0','0'),(332,'0',123.00,'2020-02-03 21:38:19','0','0'),(333,'0',123.00,'2020-02-03 21:38:19','0','0'),(334,'0',123.00,'2020-02-03 21:38:21','0','0'),(335,'0',123.00,'2020-02-03 21:38:22','0','0'),(336,'0',123.00,'2020-02-03 21:38:22','0','0'),(337,'0',123.00,'2020-02-03 21:38:23','0','0'),(338,'0',123.00,'2020-02-03 21:38:23','0','0'),(339,'0',123.00,'2020-02-03 21:38:24','0','0'),(340,'0',123.00,'2020-02-03 21:38:24','0','0'),(341,'0',1235.00,'2020-02-03 21:38:28','0','0'),(342,'0',1235.00,'2020-02-03 21:38:30','0','0'),(343,'0',1235.00,'2020-02-03 21:38:31','0','0'),(344,'0',1235.00,'2020-02-03 21:38:32','0','0'),(345,'0',1235.00,'2020-02-03 21:38:32','0','0'),(346,'0',1235.00,'2020-02-03 21:38:32','0','0'),(347,'0',1235.00,'2020-02-03 21:38:54','0','0'),(348,'0',1235.00,'2020-02-03 21:38:54','0','0'),(349,'0',1235.00,'2020-02-03 21:38:55','0','0'),(350,'0',1.00,'2020-02-04 12:37:40','0','0'),(351,'0',123.00,'2020-02-04 12:37:43','0','0'),(352,'0',1235.00,'2020-02-04 12:37:45','0','0'),(353,'0',1.00,'2020-02-04 13:24:28','0','0'),(354,'0',1.00,'2020-02-04 13:24:30','0','0'),(355,'0',1.00,'2020-02-04 13:24:32','0','0'),(356,'0',1.00,'2020-02-04 13:24:33','0','0'),(357,'0',33.00,'2020-02-04 13:25:19','0','0'),(358,'0',1.00,'2020-02-04 13:41:22','0','0'),(359,'0',1.00,'2020-02-04 13:41:23','0','0'),(360,'0',1.00,'2020-02-04 13:43:05','0','0'),(361,'0',1.00,'2020-02-04 13:43:07','0','0'),(362,'0',1.00,'2020-02-04 13:43:10','0','0'),(363,'0',1.00,'2020-02-04 13:43:14','0','0'),(364,'0',1.00,'2020-02-04 13:43:19','0','0'),(365,'0',1.00,'2020-02-04 13:43:23','0','0'),(366,'0',1.00,'2020-02-04 13:44:31','0','0'),(367,'0',12.00,'2020-02-04 13:44:35','0','0'),(368,'0',133.00,'2020-02-04 13:44:39','0','0'),(369,'0',1333.00,'2020-02-04 13:44:41','0','0'),(370,'0',13333.00,'2020-02-04 13:44:43','0','0'),(371,'0',133333.00,'2020-02-04 13:44:45','0','0'),(372,'0',1333333.00,'2020-02-04 13:44:48','0','0'),(373,'0',1000.00,'2020-02-04 13:45:22','0','0'),(374,'0',1134.00,'2020-02-04 13:46:18','0','0'),(375,'0',4420.00,'2020-02-04 13:46:43','0','0'),(376,'0',1.00,'2020-02-04 13:48:52','0','0'),(377,'0',1.00,'2020-02-04 13:48:53','0','0'),(378,'0',1.00,'2020-02-04 13:48:53','0','0'),(379,'0',1.00,'2020-02-04 13:49:02','0','0'),(380,'0',1.00,'2020-02-04 13:49:03','0','0'),(381,'0',1.00,'2020-02-04 13:49:15','0','0'),(382,'0',1.00,'2020-02-04 13:49:16','0','0'),(383,'0',1.00,'2020-02-04 13:49:18','0','0'),(384,'0',6000.00,'2020-02-04 13:49:35','0','0'),(385,'0',0.00,'2020-02-04 13:50:23','0','0'),(386,'0',1.00,'2020-02-04 13:56:41','0','0'),(387,'0',6000.00,'2020-02-04 13:57:15','0','0'),(388,'0',6000.00,'2020-02-04 13:57:16','0','0'),(389,'0',6000.00,'2020-02-04 13:57:16','0','0'),(390,'0',6000.00,'2020-02-04 13:57:17','0','0'),(391,'0',20000.00,'2020-02-04 13:57:35','0','0'),(392,'0',1.00,'2020-02-04 14:15:36','31309','0'),(393,'0',1.00,'2020-02-04 14:15:40','31309','0'),(394,'0',1.00,'2020-02-04 14:15:42','31309','0'),(395,'0',1.00,'2020-02-04 14:15:44','31309','0'),(396,'0',1.00,'2020-02-04 14:17:29','313090','0'),(397,'0',1.00,'2020-02-04 14:17:30','31309','0'),(398,'0',100.00,'2020-02-04 14:17:44','31309','0'),(399,'0',1.00,'2020-02-04 14:18:54','31309','0'),(400,'31309',600000.00,'2020-02-04 14:42:14','31309','0'),(401,'31309',11.00,'2020-02-04 15:23:45','31309','0'),(402,'31309',113.00,'2020-02-04 15:23:53','31309','0'),(403,'31309',113.00,'2020-02-04 15:24:06','31309','0'),(404,'31309',113.00,'2020-02-04 15:24:14','31309','0'),(405,'31309',113.00,'2020-02-04 15:24:14','31309','0'),(406,'31309',113.00,'2020-02-04 15:24:14','31309','0'),(407,'31309',113.00,'2020-02-04 15:24:15','31309','0'),(408,'31309',113.00,'2020-02-04 15:24:15','31309','0'),(409,'31309',113.00,'2020-02-04 15:24:15','31309','0'),(410,'31309',113.00,'2020-02-04 15:24:40','31309','0'),(411,'0',1.00,'2020-02-04 15:36:36','0','0'),(412,'0',1.00,'2020-02-04 15:36:38','0','0'),(413,'0',10.00,'2020-02-04 15:39:00','0','0'),(414,'Jonas',1.00,'2020-02-04 16:12:17','Kalle','0'),(415,'Kalle',120.00,'2020-02-04 16:12:25','Rickard','0'),(416,'Jonas',10000.00,'2020-02-04 16:14:41','Jonas','0'),(417,'Jonas',10000.00,'2020-02-04 16:14:46','Kalle','0'),(418,'Jonas',30000.00,'2020-02-04 16:16:57','Kalle','0'),(419,'Julia',30000.00,'2020-02-04 16:17:01','Kalle','0'),(420,'Welp',1000.00,'2020-02-04 16:38:13','Kalle','0'),(421,'Jonas',123.00,'2020-02-04 16:43:01','Kalle','0'),(422,'Jonas',123.00,'2020-02-04 16:49:24','Jonas','0'),(423,'Jonas',123.00,'2020-02-04 16:53:40','PresidentPelle','0'),(424,'Julia',123.00,'2020-02-04 16:58:02','Jonas','0'),(425,'Alex',10.00,'2020-02-04 16:58:43','Kalle','0'),(426,'Jonas',100.00,'2020-02-04 16:59:58','Alex','0'),(427,'Jonas',199.00,'2020-02-04 17:00:25','Alex','0'),(428,'Jonas',100.00,'2020-02-04 17:00:46','Alex','0'),(429,'Jonas',100.00,'2020-02-04 17:02:38','Alex','0'),(430,'Jonas',100.00,'2020-02-04 17:02:55','Alex','0'),(431,'Jonas',100.00,'2020-02-04 17:03:32','Alex','0'),(432,'Jonas',10.00,'2020-02-04 17:04:00','Alex','0'),(433,'Jonas',100.00,'2020-02-04 17:04:31','Alex','0'),(434,'Jonas',100.00,'2020-02-04 17:04:54','Alex','0'),(435,'Jonas',100.00,'2020-02-04 17:05:30','Alex','0'),(436,'Jonas',100.00,'2020-02-04 17:06:02','Alex','0'),(437,'Jonas',100.00,'2020-02-04 17:06:28','Alex','0'),(438,'Jonas',100.00,'2020-02-04 17:07:33','Alex','0'),(439,'Jonas',100.00,'2020-02-04 17:07:55','Alex','0'),(440,'Jonas',100.00,'2020-02-04 17:08:22','Alex','0'),(441,'Jonas',100.00,'2020-02-04 17:08:38','Alex','0'),(442,'Jonas',100.00,'2020-02-04 17:11:14','Alex','0'),(443,'Jonas',100.00,'2020-02-04 17:12:42','Alex','0'),(444,'Jonas',100.00,'2020-02-04 17:13:24','Alex','0'),(445,'Jonas',100.00,'2020-02-04 17:13:54','Alex','0'),(446,'Jonas',100.00,'2020-02-04 17:14:22','Alex','0'),(447,'Jonas',100.00,'2020-02-04 17:14:46','Alex','0'),(448,'Jonas',100.00,'2020-02-04 17:16:31','Alex','0'),(449,'Jonas',19.00,'2020-02-04 17:18:03','Alex','0'),(450,'Jonas',100.00,'2020-02-04 17:18:34','Alex','0'),(451,'Jonas',100.00,'2020-02-04 17:19:11','Alex','0'),(452,'Jonas',100.00,'2020-02-04 17:21:55','Alex','0'),(453,'Jonas',100.00,'2020-02-04 17:23:13','Alex','0'),(454,'Jonas',100.00,'2020-02-04 17:27:48','Alex','0'),(455,'Jonas',100.00,'2020-02-04 17:35:05','Alex','0'),(456,'Jonas',100.00,'2020-02-04 17:35:34','Alex','0'),(457,'Jonas',100.00,'2020-02-04 17:37:40','Alex','0'),(458,'Jonas',100.00,'2020-02-04 17:37:56','Alex','0'),(459,'Jonas',100.00,'2020-02-05 00:04:47','Alex','0'),(460,'Jonas',100.00,'2020-02-05 00:05:06','Alex','0'),(461,'Jonas',100.00,'2020-02-05 00:06:32','Alex','0'),(462,'Jonas',100.00,'2020-02-05 00:06:59','Alex','0'),(463,'Jonas',100.00,'2020-02-05 00:07:19','Alex','0'),(464,'Jonas',100.00,'2020-02-05 00:07:25','Alex','0'),(465,'Alex',100.00,'2020-02-05 00:07:41','Jonas','0'),(466,'Jonas',100.00,'2020-02-05 00:07:54','Alex','0'),(467,'Jonas',1000.00,'2020-02-05 00:08:02','Alex','0'),(468,'Jonas',100.00,'2020-02-05 00:09:14','Alex','0'),(469,'Jonas',100.00,'2020-02-05 00:09:33','Alex','0'),(470,'Jonas',100.00,'2020-02-05 00:13:42','Alex','0'),(471,'Jonas',10.00,'2020-02-05 00:15:57','Alex','0'),(472,'Jonas',199.00,'2020-02-05 00:16:52','Alex','0'),(473,'Jonas',100.00,'2020-02-05 00:17:48','Alex','0'),(474,'Jonas',111.00,'2020-02-05 00:18:09','Alex','0'),(475,'Jonas',10.00,'2020-02-05 00:19:25','Alex','0'),(476,'Jonas',100.00,'2020-02-05 00:31:11','Alex','0'),(477,'Jonas',1000.00,'2020-02-05 00:32:43','Alex','0'),(478,'Jonas',1000.00,'2020-02-05 00:33:35','Alex','0'),(479,'Jonas',199.00,'2020-02-05 00:34:52','Alex','0'),(480,'',0.00,'2020-02-05 00:35:40','','0'),(481,'Jonas',12799.00,'2020-02-05 00:38:51','Alex','0'),(482,'Jonas',104.00,'2020-02-05 00:39:31','Alex','0'),(483,'Alex',96.00,'2020-02-05 00:39:50','Jonas','0'),(484,'Jonas',1.00,'2020-02-05 00:41:58','Alex','0'),(485,'Jonas',10.00,'2020-02-05 00:51:10','Alex','0'),(486,'Alex',96.00,'2020-02-05 00:58:29','Jonas','0'),(487,'Jonas',99.00,'2020-02-05 00:59:24','Jonas','0'),(488,'Jonas',99999.00,'2020-02-05 00:59:52','Jonas','0'),(489,'Jonas',89.00,'2020-02-05 01:00:11','Jonas','0'),(490,'Jonas',13.00,'2020-02-05 01:00:32','Alex','0'),(491,'Jonas',88888.00,'2020-02-05 01:01:22','Jonas','0'),(492,'Jonas',8888.00,'2020-02-05 01:01:44','Jonas','0'),(493,'Micke',0.00,'2020-02-05 01:03:11','TheJön','0'),(494,'Alex',96.00,'2020-02-05 01:03:26','Jonas','0'),(495,'Micke',202.00,'2020-02-05 01:03:38','Jonas','0'),(496,'Alex',96.00,'2020-02-05 01:07:49','Jonas','0'),(497,'Alex',96.00,'2020-02-05 01:07:51','Jonas','0'),(498,'Alex',96.00,'2020-02-05 01:07:55','Jonas','0'),(499,'Alex',96.00,'2020-02-05 01:07:56','Jonas','0'),(500,'Alex',96.00,'2020-02-05 01:07:57','Jonas','0'),(501,'Alex',10.00,'2020-02-05 01:08:00','Jonas','0'),(502,'Alex',10.00,'2020-02-05 01:08:04','Jonas','0'),(503,'Alex',96.00,'2020-02-05 01:08:08','Jonas','0'),(504,'Alex',10.00,'2020-02-05 01:08:12','Jonas','0'),(505,'Jonas',104.00,'2020-02-05 15:48:30','Alex','0'),(506,'Jonas',10.00,'2020-02-05 15:48:42','Alex','0'),(507,'Jonas',100.00,'2020-02-05 16:06:09','Kalle','Card/Visa'),(508,'Jonas',10.40,'2020-02-05 16:06:30','Alex','Card/Visa'),(509,'Jonas',10.45,'2020-02-05 16:11:18','Alex','Card/Visa'),(510,'Jonas',10.45,'2020-02-05 16:11:20','Alex','Card/Visa'),(511,'Jonas',10.45,'2020-02-05 16:11:21','Alex','Card/Visa'),(512,'Alex',100.00,'2020-02-05 16:11:59','Alex','Card/Visa'),(513,'Alex',100.00,'2020-02-05 16:34:21','Alex','Card/Visa'),(514,'Julia',95.66,'2020-02-05 16:36:52','Jonas','Card/Visa'),(515,'Jonas',1.00,'2020-02-05 16:48:45','Kalle','Card/Visa'),(516,'Jonas',0.10,'2020-02-05 16:48:51','Alex','Card/Visa'),(517,'Jonas',1.00,'2020-02-05 16:51:07','Welp','Card/Visa'),(518,'Jonas',1.00,'2020-02-05 16:51:20','Welp','Card/Visa'),(519,'Jonas',0.09,'2020-02-05 16:51:25','Micke','Card/Visa'),(520,'Jonas',0.09,'2020-02-05 16:51:27','Micke','Card/Visa'),(521,'Jonas',0.00,'2020-02-05 16:52:26','Micke','Card/Visa'),(522,'Jonas',1.00,'2020-02-05 16:53:18','Jonas','Card/Visa'),(523,'Jonas',0.10,'2020-02-05 16:53:23','Alex','Card/Visa'),(524,'Alex',9.57,'2020-02-05 16:53:31','Jonas','Card/Visa'),(525,'Alex',9.57,'2020-02-05 16:53:41','Jonas','Card/Visa'),(526,'Alex',95.66,'2020-02-05 16:53:44','Jonas','Card/Visa'),(527,'Alex',956.64,'2020-02-05 16:53:50','Jonas','Card/Visa'),(528,'Jonas',9.48,'2020-02-05 16:57:35','Kalle','Card/Visa'),(529,'Jonas',1.00,'2020-02-05 17:05:24','Kalle','Card/Visa'),(530,'Jonas',0.10,'2020-02-05 17:05:28','Alex','Card/Visa'),(531,'Jonas',0.10,'2020-02-05 17:07:48','Alex','Swish'),(532,'Jonas',1.00,'2020-02-05 17:23:57','Jonas','Card/Visa'),(533,'Jonas',1.00,'2020-02-05 17:24:14','Jonas','Cash'),(534,'Jonas',1.00,'2020-02-05 17:31:00','Jonas','Card/Visa'),(535,'Jonas',1.00,'2020-02-05 17:31:03','Kalle','Card/Visa'),(536,'Devil',10.55,'2020-02-05 17:31:07','Kalle','Card/Visa'),(537,'Devil',10.55,'2020-02-05 17:31:14','Kalle','Card/Visa'),(538,'Devil',10.55,'2020-02-05 17:31:15','Kalle','Card/Visa'),(539,'Devil',10.55,'2020-02-05 17:31:18','Kalle','Card/Visa'),(540,'Jonas',100.00,'2020-02-05 18:00:29','Kalle','Card/Visa'),(541,'Jonas',100.00,'2020-02-05 18:00:46','Kalle','Card/Visa'),(542,'Jonas',1000.00,'2020-02-05 18:00:51','Kalle','Card/Visa'),(543,'Jonas',1000.00,'2020-02-05 18:01:38','Kalle','Card/Visa'),(544,'Jonas',-1.00,'2020-02-05 18:01:41','Kalle','Card/Visa'),(545,'Welp',100000.00,'2020-02-05 18:03:21','Kalle','Card/Visa'),(546,'Jonas',0.10,'2020-02-05 18:26:05','Alex','Card/Visa'),(547,'Jonas',1.00,'2020-02-05 18:28:43','Kalle','Card/Visa'),(548,'Jonas',1.00,'2020-02-05 18:28:46','Kalle','Card/Visa'),(549,'Rickard',12436.27,'2020-02-05 18:32:55','Jonas','Card/Visa'),(550,'Jonas',1.00,'2020-02-05 18:48:24','Kalle','Card/Visa'),(551,'Rickard',9.57,'2020-02-05 18:50:44','Jonas','Card/Visa'),(552,'Rickard',9.57,'2020-02-05 18:57:10','Jonas','Card/Visa'),(553,'Rickard',9.57,'2020-02-05 18:57:11','Jonas','Card/Visa'),(554,'Rickard',9.57,'2020-02-05 18:57:32','Jonas','Card/Visa'),(555,'Rickard',9.57,'2020-02-05 18:57:33','Jonas','Card/Visa'),(556,'Rickard',9.57,'2020-02-05 18:58:01','Jonas','Card/Visa'),(557,'Rickard',114.80,'2020-02-05 18:58:03','Jonas','Card/Visa'),(558,'Jonas',0.10,'2020-02-05 20:30:25','Alex','Card/Visa'),(559,'Jonas',1.05,'2020-02-05 20:30:31','Alex','Card/Visa'),(560,'Jonas',0.10,'2020-02-05 20:31:12','Alex','Card/Visa'),(561,'Jonas',118.44,'2020-02-05 20:31:15','Alex','Card/Visa'),(562,'Jonas',118.44,'2020-02-05 20:31:16','Alex','Card/Visa'),(563,'Jonas',118.44,'2020-02-05 20:31:17','Alex','Card/Visa'),(564,'Micke',440.92,'2020-02-05 20:31:50','Alex','Card/Visa'),(565,'TheJön',1297.04,'2020-02-05 20:36:47','Jonas','Card/Visa'),(566,'TheJön',1297.04,'2020-02-05 20:37:25','Jonas','Card/Visa'),(567,'TheJön',123.00,'2020-02-05 20:37:55','Jonas','Card/Visa'),(568,'Micke',52.73,'2020-02-05 20:39:03','Jonas','Card/Visa'),(569,'Micke',52.73,'2020-02-05 20:39:08','Jonas','Card/Visa'),(570,'Micke',52.73,'2020-02-05 20:39:12','Jonas','Card/Visa'),(571,'Micke',52.73,'2020-02-05 20:39:13','Jonas','Card/Visa'),(572,'Micke',52.73,'2020-02-05 20:39:13','Jonas','Card/Visa'),(573,'Micke',52.73,'2020-02-05 20:39:13','Jonas','Card/Visa'),(574,'Micke',52.73,'2020-02-05 20:39:13','Jonas','Card/Visa'),(575,'TheJön',601.06,'2020-02-05 20:39:48','Jonas','Swish'),(576,'TheJön',601.06,'2020-02-05 20:39:48','Jonas','Swish'),(577,'TheJön',601.06,'2020-02-05 20:40:06','Jonas','Swish'),(578,'Alex',545.28,'2020-02-05 20:40:15','Jonas','Swish'),(579,'Jonas',0.10,'2020-02-05 21:44:18','Alex','Card/Visa'),(580,'Jonas',100.00,'2020-02-06 14:31:51','Kalle','Card/Visa'),(581,'Jonas',1009.00,'2020-02-06 14:34:40','Kalle','Card/Visa'),(582,'Jonas',1.00,'2020-02-06 15:56:05','Kalle','Card/Visa'),(583,'Jonas',10.00,'2020-02-06 16:08:36','Kalle','Card/Visa'),(584,'Jonas',1.00,'2020-02-06 16:09:14','Kalle','Card/Visa'),(585,'Jonas',1.00,'2020-02-06 16:09:27','Kalle','Card/Visa'),(586,'Jonas',111.00,'2020-02-06 16:10:14','Kalle','Card/Visa'),(587,'Jonas',11.00,'2020-02-06 16:17:19','Kalle','Card/Visa'),(588,'Jonas',11333.00,'2020-02-06 16:17:24','Kalle','Card/Visa'),(589,'Kalle',11333.00,'2020-02-06 16:17:37','Kalle','Card/Visa'),(590,'Kalle',11333.00,'2020-02-06 16:17:40','Jonas','Card/Visa'),(591,'Jonas',11.00,'2020-02-06 16:33:19','Kalle','Card/Visa'),(592,'Jonas',1.00,'2020-02-06 16:36:46','Jonas','Card/Visa'),(593,'Jonas',1.00,'2020-02-06 16:37:00','Kalle','Card/Visa'),(594,'Jonas',1.00,'2020-02-06 16:37:58','Kalle','Card/Visa'),(595,'Jonas',1.00,'2020-02-06 16:37:59','Kalle','Card/Visa'),(596,'Jonas',1.00,'2020-02-06 16:37:59','Kalle','Card/Visa'),(597,'Jonas',1.00,'2020-02-06 16:38:00','Kalle','Card/Visa'),(598,'Jonas',1.00,'2020-02-06 16:38:00','Kalle','Card/Visa'),(599,'Jonas',1.00,'2020-02-06 16:38:12','Kalle','Card/Visa'),(600,'Jonas',1.00,'2020-02-06 16:38:12','Kalle','Card/Visa'),(601,'Jonas',1.00,'2020-02-06 16:38:13','Kalle','Card/Visa'),(602,'Jonas',1.00,'2020-02-06 16:38:13','Kalle','Card/Visa'),(603,'Jonas',1.00,'2020-02-06 16:38:13','Kalle','Card/Visa'),(604,'Jonas',1.00,'2020-02-06 16:38:13','Kalle','Card/Visa'),(605,'Jonas',1.00,'2020-02-06 16:38:14','Kalle','Card/Visa'),(606,'Jonas',1.00,'2020-02-06 16:38:14','Kalle','Card/Visa'),(607,'Jonas',1.00,'2020-02-06 16:38:14','Kalle','Card/Visa'),(608,'Jonas',1.00,'2020-02-06 16:38:14','Kalle','Card/Visa'),(609,'Jonas',1.00,'2020-02-06 16:38:15','Kalle','Card/Visa'),(610,'Jonas',1.00,'2020-02-06 16:38:15','Kalle','Card/Visa'),(611,'Jonas',1.00,'2020-02-06 16:38:15','Kalle','Card/Visa'),(612,'Jonas',1.00,'2020-02-06 16:38:15','Kalle','Card/Visa'),(613,'Jonas',1.00,'2020-02-06 16:38:15','Kalle','Card/Visa'),(614,'Jonas',1.00,'2020-02-06 16:38:16','Kalle','Card/Visa'),(615,'Jonas',1.00,'2020-02-06 16:38:16','Kalle','Card/Visa'),(616,'Jonas',1.00,'2020-02-06 16:38:16','Kalle','Card/Visa'),(617,'Jonas',1.00,'2020-02-06 16:38:16','Kalle','Card/Visa'),(618,'Jonas',1.00,'2020-02-06 16:38:16','Kalle','Card/Visa'),(619,'Jonas',1.00,'2020-02-06 16:38:17','Kalle','Card/Visa'),(620,'Jonas',1.00,'2020-02-06 16:38:17','Kalle','Card/Visa'),(621,'Jonas',1.00,'2020-02-06 16:38:17','Kalle','Card/Visa'),(622,'Jonas',1.00,'2020-02-06 17:20:19','Kalle','Card/Visa'),(623,'Jonas',123.00,'2020-02-06 17:20:25','Kalle','Card/Visa'),(624,'Jonas',123.00,'2020-02-06 17:23:24','Kalle','Card/Visa'),(625,'Jonas',1.00,'2020-02-06 17:24:28','Jonas','Card/Visa'),(626,'Jonas',123.00,'2020-02-06 17:24:30','Jonas','Card/Visa'),(627,'Jonas',123.00,'2020-02-06 17:24:33','Kalle','Card/Visa'),(628,'Jonas',12.82,'2020-02-06 17:24:35','Alex','Card/Visa'),(629,'Jonas',12.82,'2020-02-06 17:26:46','Alex','Card/Visa'),(630,'Jonas',12.82,'2020-02-06 17:27:06','Alex','Card/Visa'),(631,'Jonas',12.82,'2020-02-06 17:27:18','Alex','Card/Visa'),(632,'Jonas',12.82,'2020-02-06 17:27:38','Alex','Card/Visa'),(633,'Jonas',12.82,'2020-02-06 17:27:58','Alex','Card/Visa'),(634,'Jonas',12.82,'2020-02-06 17:30:37','Alex','Card/Visa'),(635,'Jonas',12.82,'2020-02-06 17:31:18','Alex','Card/Visa'),(636,'Jonas',34.71,'2020-02-06 17:33:28','Rickard','Card/Visa'),(637,'Jonas',12.82,'2020-02-06 17:33:46','Alex','Card/Visa'),(638,'Jonas',123.00,'2020-02-06 17:37:35','Kalle','Card/Visa'),(639,'Jonas',12.82,'2020-02-06 17:37:39','Alex','Card/Visa'),(640,'Jonas',128.74,'2020-02-06 17:37:42','Alex','Card/Visa'),(641,'Alex',11847.16,'2020-02-06 17:38:16','Jonas','Card/Visa'),(642,'Alex',105.52,'2020-02-06 17:38:22','Jonas','Card/Visa'),(643,'Jonas',1.15,'2020-02-06 17:38:33','Alex','Card/Visa'),(644,'Jonas',11.57,'2020-02-06 17:38:40','Alex','Card/Visa'),(645,'Jonas',123.00,'2020-02-06 17:39:34','Kalle','Card/Visa'),(646,'Jonas',123.00,'2020-02-06 17:39:41','Kalle','Card/Visa'),(647,'Jonas',123.00,'2020-02-06 17:39:42','Kalle','Card/Visa'),(648,'Jonas',123.00,'2020-02-06 17:39:43','Kalle','Card/Visa'),(649,'Jonas',123.00,'2020-02-06 17:39:44','Kalle','Card/Visa'),(650,'Jonas',123.00,'2020-02-06 17:39:44','Kalle','Card/Visa'),(651,'Jonas',123.00,'2020-02-06 17:39:45','Kalle','Card/Visa'),(652,'Jonas',100.00,'2020-02-06 17:39:49','Kalle','Card/Visa'),(653,'Jonas',100.00,'2020-02-06 17:39:49','Kalle','Card/Visa'),(654,'Jonas',100.00,'2020-02-06 17:39:50','Kalle','Card/Visa'),(655,'Jonas',10.42,'2020-02-06 17:39:53','Alex','Card/Visa'),(656,'Jonas',10.42,'2020-02-06 17:39:53','Alex','Card/Visa'),(657,'Jonas',10.42,'2020-02-06 17:39:54','Alex','Card/Visa'),(658,'Jonas',10.42,'2020-02-06 17:39:54','Alex','Card/Visa'),(659,'Jonas',10.42,'2020-02-06 17:39:56','Alex','Card/Visa'),(660,'Jonas',10.42,'2020-02-06 17:40:24','Alex','Card/Visa'),(661,'Jonas',12.82,'2020-02-06 17:41:21','Alex','Card/Visa'),(662,'Jonas',11.65,'2020-02-06 17:41:24','Devil','Card/Visa'),(663,'Jonas',12355.00,'2020-02-06 17:41:26','PresidentPelle','Card/Visa'),(664,'Jonas',123.00,'2020-02-06 17:41:55','Jonas','Card/Visa'),(665,'Jonas',123.00,'2020-02-06 17:42:02','Jonas','Card/Visa'),(666,'Jonas',123.00,'2020-02-06 17:42:03','Jonas','Card/Visa'),(667,'Jonas',12.82,'2020-02-06 17:43:26','Alex','Card/Visa'),(668,'Jonas',128.74,'2020-02-06 17:43:29','Alex','Card/Visa'),(669,'Jonas',3.44,'2020-02-06 17:43:39','Alex','Card/Visa'),(670,'Jonas',333.00,'2020-02-06 17:43:41','Jonas','Card/Visa'),(671,'Jonas',52.58,'2020-02-06 17:44:18','Micke','Card/Visa'),(672,'Jonas',12.82,'2020-02-06 17:45:01','Alex','Card/Visa'),(673,'Jonas',106.40,'2020-02-06 17:46:16','TheJön','Card/Visa'),(674,'Jonas',123.00,'2020-02-06 17:53:16','Jonas','Card/Visa'),(675,'Jonas',12333.00,'2020-02-06 17:53:20','Jonas','Card/Visa'),(676,'Jonas',99999999.99,'2020-02-06 17:53:22','Alex','Card/Visa'),(677,'Jonas',99999999.99,'2020-02-06 17:53:55','Devil','Card/Visa'),(678,'Jonas',1.00,'2020-02-06 17:54:15','Jonas','Card/Visa'),(679,'Jonas',99999999.99,'2020-02-06 17:54:19','Rickard','Card/Visa'),(680,'Devil',33.00,'2020-02-06 17:55:14','Devil','Card/Visa'),(681,'Devil',348.32,'2020-02-06 17:55:17','Jonas','Card/Visa'),(682,'Devil',348.32,'2020-02-06 17:55:19','PresidentPelle','Card/Visa'),(683,'Jonas',333.00,'2020-02-06 17:56:27','Jonas','Cash'),(684,'Jonas',33.00,'2020-02-06 17:58:40','Jonas','Card/Visa'),(685,'Jonas',12.82,'2020-02-06 18:08:13','Alex','Card/Visa');
/*!40000 ALTER TABLE `transactions` ENABLE KEYS */;
UNLOCK TABLES;
/*!40103 SET TIME_ZONE=@OLD_TIME_ZONE */;

/*!40101 SET SQL_MODE=@OLD_SQL_MODE */;
/*!40014 SET FOREIGN_KEY_CHECKS=@OLD_FOREIGN_KEY_CHECKS */;
/*!40014 SET UNIQUE_CHECKS=@OLD_UNIQUE_CHECKS */;
/*!40101 SET CHARACTER_SET_CLIENT=@OLD_CHARACTER_SET_CLIENT */;
/*!40101 SET CHARACTER_SET_RESULTS=@OLD_CHARACTER_SET_RESULTS */;
/*!40101 SET COLLATION_CONNECTION=@OLD_COLLATION_CONNECTION */;
/*!40111 SET SQL_NOTES=@OLD_SQL_NOTES */;

-- Dump completed on 2020-02-06 18:23:21
